Workbook

Sheet فهرست استانداردها
A1: ردیف | B1: خانواده | C1: استاندارد | D1: نام فارسی | E1: نام انگلیسی | F1: دسته | G1: اولویت | H1: استاندارد جاری | I1: معادل‌ها | J1: محدودهٔ سایز | K1: تعداد سایز | L1: کلاس / جنس | M1: نام بازاری | N1: تعداد کالای کددار | O1: عکس محصول | P1: نقشهٔ فنی | Q1: تصویر فهرست کاتالوگ
A2: 1 | B2: DIN | C2: DIN 1 | D2: پین مخروطی | E2: Taper Pins | F2: پین | G2: 2 | H2: DIN EN 22339 | I2: ISO 2339، CSN 022153، PN 85020، UNI 7283، EU 22339 | J2: 2 – 16 | K2: 9 | L2: فولاد ساده یا سخت‌کاری‌شده، استیل A1، استیل A2 | M2: پین مخروطی ساده با نسبت مخروطی 1:50 | N2: 0 | O2: دارد | P2: دارد | Q2: دارد
A3: 2 | B3: DIN | C3: DIN 7 | D3: پین استوانه‌ای (داول) | E3: Parallel pins (dowel pins) | F3: پین | G3: 2 | H3: DIN EN ISO 2338 | I3: ISO 2338، CSN 022150، PN 85021، UNI 1707 | J3: 1 – 20 | K3: 14 | L3: فولاد ساده یا سخت‌کاری‌شده، استیل A1، استیل A2 | M3: پین استوانه‌ای ساده دقیق، پین موازی بدون رزوه | N3: 0 | O3: دارد | P3: دارد | Q3: دارد
A4: 3 | B4: DIN | C4: DIN 39 | D4: دستگیرهٔ ثابت | E4: Fixed handles | F4: سایر اتصالات و یراق | G4: 3 | H4: DIN 39 | J4: M6 – M16 | K4: 5 | N4: 5 | O4: دارد | P4: دارد | Q4: دارد
A5: 4 | B5: DIN | C5: DIN 84 | D5: پیچ دوسو سر استوانه‌ای | E5: Slotted cheese head screws | F5: پیچ دوسو و چهارسو | G5: 1 | H5: DIN EN ISO 1207 | I5: ISO 1207، CSN 021131، PN 82215، UNI 6107 | J5: M1.6 – M10 | K5: 10 | L5: فولاد 4.8، فولاد 5.8، استیل A2-70، استیل A4-70 | N5: 127 | O5: دارد | P5: دارد | Q5: دارد
A6: 5 | B6: DIN | C6: DIN 85 | D6: پیچ دوسو سر عدسی | E6: Slotted pan head screws | F6: پیچ دوسو و چهارسو | G6: 2 | H6: DIN EN ISO 1580 | I6: ISO 1580، CSN 021137، PN 82219، UNI 6108 | J6: M1.6 – M10 | K6: 9 | L6: فولاد 4.8، فولاد 5.8، استیل A2-70، استیل A4-70 | N6: 117 | O6: دارد | P6: دارد | Q6: دارد
A7: 6 | B7: DIN | C7: DIN 93 | D7: واشر زبانه‌دار (قفلی) | E7: Tab washers with long tab | F7: واشر | G7: 3 | I7: CSN 021751، PN 82021، UNI 6600 | J7: M4 – M39 | K7: 17 | L7: فولاد کربنی گالوانیزه، استیل A2، استیل A4 | M7: واشر قفلی زبانه‌دار یکطرفه، واشر خاردار خم شونره | N7: 17 | O7: دارد | P7: دارد | Q7: دارد
A8: 7 | B8: DIN | C8: DIN 94 | D8: اشپیل (پین دوشاخه) | E8: Split pins | F8: پین | G8: 1 | H8: DIN EN ISO 1234 | I8: ISO 1234، CSN 021781، PN 82001، UNI 1336 | J8: 0.6 – 20 | K8: 16 | L8: فولاد کربنی ساده یا گالوانیزه، استیل A2، استیل A4 | M8: پین اشپیل، اشپیل شکاف‌دار | N8: 0 | O8: دارد | P8: دارد | Q8: دارد
A9: 8 | B9: DIN | C9: DIN 95 | D9: پیچ چوب دوسو سرخزینه عدسی | E9: Slotted oval head wood screws | F9: پیچ خودکار، سرمته و چوب | G9: 3 | H9: DIN 95 | I9: CSN 021815، PN 82504، UNI 703 | J9: 2.5 – 6 | K9: 7 | L9: فولاد، استیل A2، استیل A4 | N9: 0 | O9: دارد | P9: دارد | Q9: دارد
A10: 9 | B10: DIN | C10: DIN 96 | D10: پیچ چوب دوسو سرگرد | E10: Slotted Round Head Wood Screws | F10: پیچ خودکار، سرمته و چوب | G10: 3 | H10: DIN 96 | I10: CSN 021812، PN 82505، UNI 701 | J10: 2 – 8 | K10: 10 | L10: فولاد، استیل A2، استیل A4 | N10: 0 | O10: دارد | P10: دارد | Q10: دارد
A11: 10 | B11: DIN | C11: DIN 97 | D11: پیچ چوب دوسو سرخزینه | E11: Slotted countersunk head wood screws | F11: پیچ خودکار، سرمته و چوب | G11: 1 | H11: DIN 97 | I11: CSN 021814، PN 82503، UNI 702 | J11: 2 – 8 | K11: 10 | L11: فولاد، استیل A2، استیل A4 | N11: 0 | O11: دارد | P11: دارد | Q11: دارد
A12: 11 | B12: DIN | C12: DIN 98 | D12: دستگیرهٔ گردان | E12: Revolving handles | F12: سایر اتصالات و یراق | G12: 3 | H12: DIN 98 | J12: 16 – 36 | K12: 5 | L12: فولاد کربنی دسته با جنس پلاستیک یا باکالیت | M12: دسته استوانه‌ای چرخان مخصوص فلکه واهرم دستگاه | N12: 0 | O12: دارد | P12: دارد | Q12: دارد
A13: 12 | B13: DIN | C13: DIN 99 | D13: اهرم کلمپ | E13: Clamping Levers | F13: سایر اتصالات و یراق | G13: 3 | H13: DIN 99 | J13: M5 – M24 | K13: 8 | L13: فولاد کربنی، استیل (فولاد ضدزنگ)، پلاستیک، باکالیت | M13: مهره دستگیره‌ای، دسته ثابت ماشین الات | N13: 8 | O13: دارد | P13: دارد | Q13: دارد
A14: 13 | B14: DIN | C14: DIN 125 A | D14: واشر تخت | E14: Plain washers, Form A | F14: واشر | G14: 1 | H14: DIN 125-1, 125-2 | I14: ISO 7089، CSN 021702، PN 82006، UNI 6592 | J14: M3 – M24 | K14: 10 | L14: فولاد کربنی گالوانیزه، استیل A2، استیل A4 | N14: 30 | O14: دارد | P14: دارد | Q14: دارد
A15: 14 | B15: DIN | C15: DIN 125 B | D15: واشر تخت فرم B (پخ‌دار) | E15: Plain washers, chamfered, Form B | F15: واشر | G15: 1 | H15: DIN EN ISO 7090 | I15: ISO 7090، CSN 021702، PN 82006، UNI 1751 | J15: M5 – M160 | K15: 52 | L15: فولاد کربنی گالوانیزه، استیل A2، استیل A4 | N15: 52 | O15: دارد | P15: دارد | Q15: دارد
A16: 15 | B16: DIN | C16: DIN 126 | D16: واشر تخت (کلاس C) | E16: Plain washers, product grade C | F16: واشر | G16: 2 | H16: DIN EN ISO 7091 | I16: ISO 7091، CSN 021721، PN 82005، UNI 6593 | J16: 1.6 – 64 | K16: 19 | L16: فولاد کربنی گالوانیزه، استیل A2، استیل A4 | N16: 19 | O16: دارد | P16: دارد | Q16: دارد
A17: 16 | B17: DIN | C17: DIN 127 A | D17: واشر فنری فرم A | E17: Spring lock washers, Form A | F17: واشر | G17: 1 | I17: CSN 021741، UNI 1751 | J17: M3 – M100 | K17: 31 | L17: فولاد فنری، استیل فنری، استیل A2، استیل A4 | N17: 31 | O17: دارد | P17: دارد | Q17: دارد
A18: 17 | B18: DIN | C18: DIN 127 B | D18: واشر فنری | E18: Spring lock washers, Form B | F18: واشر | G18: 1 | I18: CSN 021741، UNI 1751 | J18: M4 – M20 | K18: 8 | L18: فولاد فنری، استیل فنری، استیل A2، استیل A4 | N18: 32 | O18: دارد | P18: دارد | Q18: دارد
A19: 18 | B19: DIN | C19: DIN 128 A | D19: واشر فنری خمیده | E19: Curved spring lock washers, Form A | F19: واشر | G19: 2 | I19: CSN 021731، UNI 8839 | J19: M2 – M36 | K19: 20 | L19: فولاد فنری، استیل فنری، استیل A2، استیل A4 | N19: 20 | O19: دارد | P19: دارد | Q19: دارد
A20: 19 | B20: DIN | C20: DIN 128 B | D20: واشر فنری موجی | E20: Wave spring lock washers, Form B | F20: واشر | G20: 2 | I20: CSN 021731، UNI 8839 | J20: M4 – M16 | K20: 7 | L20: فولاد فنری، استیل فنری، استیل A2، استیل A4 | N20: 7 | O20: دارد | P20: دارد | Q20: دارد
A21: 20 | B21: DIN | C21: DIN 134 | D21: واشر تخت پهن | E21: Plain washers, large | F21: واشر | G21: 2 | H21: Withdrawn | J21: M3 – M20 | K21: 11 | L21: فولاد کربنی، استیل A2، استیل A4 | N21: 11 | O21: دارد | P21: دارد | Q21: دارد
A22: 21 | B22: DIN | C22: DIN 137 A | D22: واشر فنری خمیده فرم A | E22: Curved spring washers, Form A | F22: واشر | G22: 2 | I22: CSN 021733، UNI 8840A | J22: 3.2 – 37 | K22: 19 | L22: فولاد فنری، استیل فنری، استیل A2، استیل A4 | M22: واشر تخت فنری موجی | N22: 19 | O22: دارد | P22: دارد | Q22: دارد
A23: 22 | B23: DIN | C23: DIN 137 B | D23: واشر فنری موجی فرم B | E23: Wave spring washers, Form B | F23: واشر | G23: 2 | I23: CSN 021733، UNI 8840B | J23: M3 – M36 | K23: 19 | L23: فولاد فنری، استیل فنری، استیل A2، استیل A4 | M23: واشر تخت فنری موجی | N23: 19 | O23: دارد | P23: دارد | Q23: دارد
A24: 23 | B24: DIN | C24: DIN 186 | D24: پیچ سر T با گردن چهارگوش | E24: T-Head bolts with square neck Head | F24: پیچ سرخاص و کالسکه | G24: 3 | H24: DIN 186 | I24: CSN 021343، PN 82418 | J24: M6 – M48 | K24: 11 | L24: فولاد 4.6، فولاد 5.6، فولاد 8.8، استیل A2-70، استیل A4-70 | M24: پیچ تی چهارخار | N24: 87 | O24: دارد | P24: دارد | Q24: دارد
A25: 24 | B25: DIN | C25: DIN 188 | D25: پیچ سر T زائده‌دار | E25: T-head bolts with double nib | F25: پیچ سرخاص و کالسکه | G25: 3 | H25: DIN 188 | I25: CSN 021343، PN 82418 | J25: M8 – M80X6 | K25: 14 | L25: فولاد 4.6، فولاد 5.6، فولاد 8.8، استیل A2-70، استیل A4-70 | M25: پیچ تی دوطرفه | N25: 127 | O25: دارد | P25: دارد | Q25: دارد
A26: 25 | B26: DIN | C26: DIN 258 | D26: پین مخروطی با رزوهٔ خارجی | E26: Taper pins with external thread | F26: پین | G26: 3 | H26: DIN 258 | I26: ISO 8737، CSN 022154، EU 28738 | J26: 5 – 20 | K26: 7 | L26: فولاد فنری سخت‌کاری‌شده، استیل A2 | N26: 0 | O26: دارد | P26: دارد | Q26: دارد
A27: 26 | B27: DIN | C27: DIN 261 | D27: پیچ سر T | E27: T-head bolts | F27: پیچ سرخاص و کالسکه | G27: 3 | H27: DIN 261 | I27: PN 82424 | J27: M8 – M100X6 | K27: 16 | L27: فولاد 4.6، فولاد 5.6، فولاد 8.8، استیل A2-70، استیل A4-70 | M27: پیچ تی | N27: 186 | O27: دارد | P27: دارد | Q27: دارد
A28: 27 | B28: DIN | C28: DIN 314 | D28: مهره پروانه‌ای | E28: Wing nuts with edged wings | F28: مهره | G28: 2 | H28: DIN 314 | J28: M4 – M12 | K28: 6 | L28: فولاد گالوانیزه، استیل A2-70، استیل A4-70 | M28: مهره خروسکی | N28: 6 | O28: دارد | P28: دارد | Q28: دارد
A29: 28 | B29: DIN | C29: DIN 315 A | D29: مهره پروانه‌ای (بال چهارگوش) | E29: Wing nuts, rectangular wings | F29: مهره | G29: 2 | H29: DIN 315 A | I29: CSN 021665، UNI 5448 | J29: M3 – M20 | K29: 11 | L29: فولاد گالوانیزه، استیل A2-70، استیل A4-70 | M29: مهره خروسکی | N29: 11 | O29: دارد | P29: دارد | Q29: دارد
A30: 29 | B30: DIN | C30: DIN 315 D | D30: مهره پروانه‌ای (بال گرد) | E30: Wing nuts, rounded wings | F30: مهره | G30: 2 | H30: DIN 315 | I30: CSN 021665، UNI 5448 | J30: M4 – M24 | K30: 9 | L30: فولاد گالوانیزه، استیل A2-70، استیل A4-70 | M30: مهره خروسکی | N30: 9 | O30: دارد | P30: دارد | Q30: دارد
A31: 30 | B31: DIN | C31: DIN 316 A | D31: پیچ پروانه‌ای (بال چهارگوش) | E31: Wing screws, rectangular wings | F31: پیچ سرخاص و کالسکه | G31: 2 | H31: DIN 316A | I31: CSN 021365، UNI 5449 | J31: M3 – M12 | K31: 7 | L31: فولاد، استیل A2، استیل A4 | M31: پیچ خروسکی | N31: 65 | O31: دارد | P31: دارد | Q31: دارد
A32: 31 | B32: DIN | C32: DIN 316 D | D32: پیچ پروانه‌ای (بال گرد) | E32: Wing screws, rounded wings | F32: پیچ سرخاص و کالسکه | G32: 2 | H32: DIN 316 | I32: CSN 021365 | J32: M4 – M24 | K32: 9 | L32: فولاد، استیل A2، استیل A4 | M32: پیچ خروسکی | N32: 72 | O32: دارد | P32: دارد | Q32: دارد
A33: 32 | B33: DIN | C33: DIN 319 | D33: دستگیرهٔ گوی | E33: Ball knobs | F33: سایر اتصالات و یراق | G33: 3 | H33: DIN 319 | J33: 12 – 50×20 | K33: 21 | L33: باکالیت، پلاستیک، فولاد و استیل | M33: دستگیره توپی گرد با سوراخ رزوه‌دار داخلی یا سوراخ ساده | N33: 21 | O33: دارد | P33: دارد | Q33: دارد
A34: 33 | B34: DIN | C34: DIN 404 | D34: پیچ دوسو سر کاپستان | E34: Slotted capstan screws | F34: پیچ دوسو و چهارسو | G34: 3 | H34: DIN 404 | I34: CSN 021128، UNI 6111 | J34: M2 – M10 | K34: 8 | L34: فولاد 5.8، استیل A2-70، استیل A4-70 | M34: پیچ پلمب دوسو، پیچ تنظیم | N34: 108 | O34: دارد | P34: دارد | Q34: دارد
A35: 34 | B35: DIN | C35: DIN 417 | D35: پیچ مغزی دوسو نوک پین | E35: Slotted set screws, long dog point | F35: پیچ مغزی | G35: 3 | H35: DIN EN 27435 | I35: ISO 7435، CSN 021183، PN 82276، EU 27435 | J35: M1.6 – M12 | K35: 11 | L35: فولاد 4.8، فولاد 5.8، استیل A2-70، استیل A4-70 | M35: پیچ مغزی دوسو نوک خلاصی | N35: 50 | O35: دارد | P35: دارد | Q35: دارد
A36: 35 | B36: DIN | C36: DIN 427 | D36: پیچ مغزی دوسو نوک تخت | E36: Slotted headless screws with flat point | F36: پیچ مغزی | G36: 3 | H36: DIN EN 2342 | I36: PN 82271 | J36: M3 – M10 | K36: 6 | L36: فولاد 4.8، فولاد 5.8، استیل A2-70، استیل A4-70 | M36: پیچ مغزی دوسو نیم رزوه | N36: 45 | O36: دارد | P36: دارد | Q36: دارد
A37: 36 | B37: DIN | C37: DIN 431 | D37: مهره لوله | E37: Hexagon pipe nuts | F37: مهره | G37: 2 | H37: DIN 431 | J37: G1/8 – G21/2 | K37: 19 | N37: 19 | O37: دارد | P37: دارد | Q37: دارد
A38: 37 | B38: DIN | C38: DIN 432 | D38: واشر زبانه‌دار خارجی | E38: Tab washers, external tab | F38: واشر | G38: 3 | I38: CSN 021753، PN 82011، UNI 6599 | J38: M3 – M36 | K38: 13 | L38: فولاد کربنی گالوانیزه، استیل A2، استیل A4 | M38: واشر قفلی زبانه‌دار بیرونی، واشر خم شونده مخصوص قفل کردن مهره | N38: 13 | O38: دارد | P38: دارد | Q38: دارد
A39: 38 | B39: DIN | C39: DIN 433 | D39: واشر تخت برای پیچ سر استوانه‌ای | E39: Washers for cheese head screws | F39: واشر | G39: 2 | H39: DIN EN ISO 7092 | I39: ISO 7092، CSN 021703، PN 82007، UNI 6592 | J39: M1 – M36 | K39: 22 | L39: فولاد کربنی گالوانیزه، استیل A2، استیل A4 | M39: واشر تخت باریک | N39: 22 | O39: دارد | P39: دارد | Q39: دارد
A40: 39 | B40: DIN | C40: DIN 434 | D40: واشر گوه‌ای چهارگوش برای ناودانی (U) | E40: Square taper washers for U-sections | F40: واشر | G40: 2 | H40: DIN 434 | I40: CSN 021739، PN 82018، UNI 6598 | J40: M8 – M27 | K40: 8 | L40: فولاد کربنی گالوانیزه، استیل A2، استیل A4 | M40: واشر ریلی دوشیار، واشر سیب‌دار مربعی مخصوص تیرآهن U، واشر گوه‌ای ناودانی با شیب8% | N40: 8 | O40: دارد | P40: دارد | Q40: دارد
A41: 40 | B41: DIN | C41: DIN 435 | D41: واشر گوه‌ای چهارگوش برای تیرآهن (I) | E41: Square taper washers for I-sections | F41: واشر | G41: 2 | H41: DIN 435 | I41: CSN 021739، PN 82009، UNI 5717 | J41: M8 – M27 | K41: 8 | L41: فولاد کربنی گالوانیزه، استیل A2، استیل A4 | M41: واشر ریلی تک شیار، واشر شیب‌دار مربعی مخصوص تیر اهن I، واشر گوه‌ای بال تیر آهن با شیب 14% | N41: 8 | O41: دارد | P41: دارد | Q41: دارد
A42: 41 | B42: DIN | C42: DIN 436 | D42: واشر چهارگوش سازهٔ چوبی | E42: Square Washers for wood constructions | F42: واشر | G42: 2 | H42: DIN 436 | I42: CSN 021724، PN 82010، UNI 6596 | J42: M10 – M52 | K42: 15 | L42: فولاد کربنی گالوانیزه، استیل A2، استیل A4 | N42: 15 | O42: دارد | P42: دارد | Q42: دارد
A43: 42 | B43: DIN | C43: DIN 438 | D43: پیچ مغزی دوسو نوک کاسه‌ای | E43: Slotted set screws with cup point | F43: پیچ مغزی | G43: 2 | H43: DIN EN 27436 | I43: ISO 7436، CSN 021182، PN 82274، EU 27436 | J43: M3 – M10 | K43: 6 | L43: فولاد 4.8، فولاد 5.8، استیل A2-70، استیل A4-70 | M43: پیچ مغزی دوسو | N43: 77 | O43: دارد | P43: دارد | Q43: دارد
A44: 43 | B44: DIN | C44: DIN 439 A | D44: مهره شش‌گوش نازک بدون پخ | E44: Hexagon thin nuts, unchamfered | F44: مهره | G44: 1 | H44: DIN EN 24035 | I44: ISO 4035، CSN 021403، UNI 3692، EU 24035 | J44: M2 – M36 | K44: 18 | L44: کلاس 5، کلاس 8، استیل A2-70، استیل A4-70 | M44: مهره باریک بدون پخ | N44: 18 | O44: دارد | P44: دارد | Q44: دارد
A45: 44 | B45: DIN | C45: DIN 439 B | D45: مهره شش‌گوش نازک پخ‌دار | E45: Hexagon thin nuts, chamfered | F45: مهره | G45: 2 | H45: DIN EN 24035 | I45: ISO 4035، CSN 021403، UNI 5589، EU 24035 | J45: M1.6 – M52X3 | K45: 65 | L45: کلاس 6، کلاس 8، استیل A2-70، استیل A4-70 | M45: مهره باریک پخدار | N45: 65 | O45: دارد | P45: دارد | Q45: دارد
A46: 45 | B46: DIN | C46: DIN 440 R | D46: واشر سازهٔ چوبی (سوراخ گرد) | E46: Washers for timber constructions, round hole | F46: واشر | G46: 2 | H46: DIN 440R | I46: ISO 7094، CSN 021727 | J46: M5 – M36 | K46: 15 | L46: فولاد کربنی گالوانیزه، استیل A2، استیل A4 | M46: واشر تخت پهن مخصوص اتصالات چوبی، واشر چوب با قطر بیرونی بزرگ | N46: 15 | O46: دارد | P46: دارد | Q46: دارد
A47: 46 | B47: DIN | C47: DIN 440 V | D47: واشر سازهٔ چوبی (سوراخ چهارگوش) | E47: Washers for timber constructions, square hole | F47: واشر | G47: 2 | H47: DIN 440V | I47: ISO 7094، CSN 021728 | J47: M5 – M22 | K47: 8 | L47: فولاد کربنی گالوانیزه، استیل A2، استیل A4 | M47: واشر تخت پهن مخصوص اتصالات چوبی، واشر چوب با قطر بیرونی بزرگ | N47: 8 | O47: دارد | P47: دارد | Q47: دارد
A48: 47 | B48: DIN | C48: DIN 443 | D48: درپوش فلزی | E48: Sealing caps (cover plates) | F48: سایر اتصالات و یراق | G48: 3 | H48: DIN 443 | J48: 8 – 63 | K48: 34 | L48: فولاد کربنی، استیل (فولاد ضدزنگ)، برنج | M48: درپوش فلزی فشاری سوراخ، پولکی کورکن، درپوش انبساطی محدب | N48: 34 | O48: دارد | P48: دارد | Q48: دارد
A49: 48 | B49: DIN | C49: DIN 444 | D49: پیچ چشمی | E49: Eyebolts | F49: اتصالات بالابری و مهارکش | G49: 1 | H49: DIN 444 | I49: CSN 021167، PN 82425، UNI 6058 | J49: M5 – M39 | K49: 13 | L49: فولاد 6.8، فولاد 8.8، استیل A2-70، استیل A4-70 | N49: 157 | O49: دارد | P49: دارد | Q49: دارد
A50: 49 | B50: DIN | C50: DIN 462 | D50: واشر قفلی با زبانهٔ داخلی | E50: Retaining plate with internal nose | F50: واشر | G50: 3 | H50: DIN 462 | I50: PN 82016 | J50: 6 – 200 | K50: 49 | L50: فولاد کربنی گالوانیزه، استیل A2، استیل A4 | M50: واشر تخت پهن مخصوص اتصالات چوبی با سوراخ چهار گوش، واشر چوب با قطر بیرونی بزرگ | N50: 49 | O50: دارد | P50: دارد | Q50: دارد
A51: 50 | B51: DIN | C51: DIN 463 | D51: واشر زبانه‌دار (زبانهٔ بلند و کوتاه) | E51: Tab Washers With Long And Short Tab | F51: واشر | G51: 3 | I51: PN 82022، UNI 1747 | J51: M4 – M39 | K51: 17 | L51: فولاد کربنی گالوانیزه، استیل A2، استیل A4 | M51: واشر قفلی زبانه‌دار مخصوص مهره های شیاردار، واشر قفلی مهره چاکدار | N51: 17 | O51: دارد | P51: دارد | Q51: دارد
A52: 51 | B52: DIN | C52: DIN 464 | D52: پیچ سرآج‌دار بلند | E52: Knurled thumb screws, high type | F52: پیچ سرخاص و کالسکه | G52: 3 | H52: DIN 464 | I52: CSN 021161، PN 82456 | J52: M1 – M10 | K52: 13 | L52: فولاد، استیل A2، استیل A4 | M52: پیچ ریگلاژی، پیچ دستی اج‌دار | N52: 90 | O52: دارد | P52: دارد | Q52: دارد
A53: 52 | B53: DIN | C53: DIN 465 | D53: پیچ سرآج‌دار شیاردار | E53: Knurled thumb screws | F53: پیچ سرخاص و کالسکه | G53: 3 | J53: M3 – M6 | K53: 4 | L53: فولاد، استیل A2، استیل A4 | M53: پیچ ریگلاژی شیاردار، پیچ دستی اج‌دار شیار‌دار | N53: 25 | O53: دارد | P53: دارد | Q53: دارد
A54: 53 | B54: DIN | C54: DIN 466 | D54: مهره آج‌دار بلند | E54: Knurled nuts, high type | F54: مهره | G54: 3 | H54: DIN 466 | I54: CSN 021461، PN 82461، UNI 6605 | J54: M1 – M10 | K54: 12 | L54: فولاد گالوانیزه، استیل A2-70، استیل A4-70 | M54: مهره ریگلاژی، مهره دستی اجدار | N54: 12 | O54: دارد | P54: دارد | Q54: دارد
A55: 54 | B55: DIN | C55: DIN 467 | D55: مهره آج‌دار کوتاه | E55: Knurled nuts, low type | F55: مهره | G55: 3 | H55: DIN 467 | I55: CSN 021462، PN 82462، UNI 6603 | J55: M2 – M10 | K55: 8 | L55: فولاد گالوانیزه، استیل A2-70، استیل A4-70 | M55: مهره ریگلاژی، مهره دستی اجدار | N55: 8 | O55: دارد | P55: دارد | Q55: دارد
A56: 55 | B56: DIN | C56: DIN 470 | D56: واشر آب بندی | E56: Sealing washer | F56: واشر | G56: 3 | H56: DIN 470 | I56: UNI 1663 | J56: 3 – 125 | K56: 31 | L56: فولاد کربنی، استیل A2، استیل A4 | N56: 31 | O56: دارد | P56: دارد | Q56: دارد
A57: 56 | B57: DIN | C57: DIN 471 | D57: خار محور (خار بیرونی) | E57: Retaining rings for shafts | F57: خار | G57: 1 | H57: DIN 471 | I57: CSN 022930، PN 85111، UNI 7435 | J57: 3 – 300 | K57: 86 | L57: فولاد فنری C67S، C75S، استیل فنری 1.4310، 1.4122 | M57: خار رینگی، خار دوچشم(بیرون شفت) | N57: 86 | O57: دارد | P57: دارد | Q57: دارد
A58: 57 | B58: DIN | C58: DIN 472 | D58: خار سوراخ (خار داخلی) | E58: Retaining rings for bores | F58: خار | G58: 1 | H58: DIN 472 | I58: CSN 022931، PN 85111، UNI 7437 | J58: 8 – 300 | K58: 88 | L58: فولاد فنری C67S، C75S، استیل فنری 1.4310، 1.4122 | M58: خار رینگی، خار دوچشم ( داخل شفت) | N58: 88 | O58: دارد | P58: دارد | Q58: دارد
A59: 58 | B59: DIN | C59: DIN 478 | D59: پیچ سرچهارگوش یقه‌دار | E59: Square Head Bolts with collar | F59: پیچ سرخاص و کالسکه | G59: 3 | H59: DIN 478 | I59: CSN 021122، PN 82301 | J59: M5 – M24 | K59: 8 | L59: فولاد 5.8، فولاد 8.8، استیل A2-70، استیل A4-70 | M59: پیچ سر چهارگوش واشردار | N59: 83 | O59: دارد | P59: دارد | Q59: دارد
A60: 59 | B60: DIN | C60: DIN 479 | D60: پیچ سرچهارگوش نوک پین | E60: Square head bolts with short dog point | F60: پیچ سرخاص و کالسکه | G60: 3 | H60: DIN 479 | I60: CSN 021121، PN 82307 | J60: M5 – M24 | K60: 8 | L60: فولاد 5.8، فولاد 8.8، استیل A2-70، استیل A4-70 | M60: پیچ سر چهار گوش نوک خلاصی | N60: 79 | O60: دارد | P60: دارد | Q60: دارد
A61: 60 | B61: DIN | C61: DIN 480 | D61: پیچ سرچهارگوش یقه‌دار نوک‌دار | E61: Square head bolts with collar and tip approach | F61: پیچ سرخاص و کالسکه | G61: 3 | H61: DIN 480 | I61: CSN 021122، PN 82308 | J61: M8 – M24 | K61: 6 | L61: فولاد 5.8، فولاد 8.8، استیل A2-70، استیل A4-70 | M61: پیچ سر چهارگوش واشردار نوک خلاصی | N61: 39 | O61: دارد | P61: دارد | Q61: دارد
A62: 61 | B62: DIN | C62: DIN 508 | D62: مهره شیار T | E62: Nuts for T-slots | F62: مهره | G62: 2 | H62: DIN 508 | I62: ISO 299، CSN 021529، PN 61275 | J62: M4 – M48 | K62: 13 | L62: کلاس 8، کلاس 10، استیل A2، استیل A4، سفارشی (طبق نقشه) | M62: مهره مخصوص شیار T میز دستگاه | N62: 13 | O62: دارد | P62: دارد | Q62: دارد
A63: 62 | B63: DIN | C63: DIN 525 | D63: پیچ جوشی (استاد جوشی) | E63: Welding studs | F63: استاد بولت و میل‌رزوه | G63: 3 | H63: DIN 525 | I63: CSN 021399، PN 82416 | J63: M6 – M48 | K63: 11 | N63: 0 | O63: دارد | P63: دارد | Q63: دارد
A64: 63 | B64: DIN | C64: DIN 529 A | D64: پیچ فونداسیون فرم A | E64: Foundation (anchor) bolts, Form A | F64: استاد بولت و میل‌رزوه | G64: 2 | H64: DIN 529A | I64: CSN 021391 | J64: M8 – M72X6 | K64: 13 | L64: فولاد 4.6، فولاد 5.6، فولاد 8.8، استیل A2-70، استیل A4-70 | M64: انکر بولت علامت سوالی، پیچ مهاری | N64: 80 | O64: دارد | P64: دارد | Q64: دارد
A65: 64 | B65: DIN | C65: DIN 529 B | D65: پیچ فونداسیون فرم B | E65: Foundation (anchor) bolts, Form B | F65: استاد بولت و میل‌رزوه | G65: 2 | H65: DIN 529 | I65: CSN 021391 | J65: M8 – M72X6 | K65: 13 | L65: فولاد 4.6، فولاد 5.6، فولاد 8.8، استیل A2-70، استیل A4-70 | M65: انکر بولت عصایی، پیچ مهاری | N65: 80 | O65: دارد | P65: دارد | Q65: دارد
A66: 65 | B66: DIN | C66: DIN 529 C | D66: پیچ فونداسیون فرم C | E66: Foundation (anchor) bolts, Form C | F66: استاد بولت و میل‌رزوه | G66: 2 | H66: DIN 529 | I66: CSN 021391 | J66: M8 – M72X6 | K66: 13 | L66: فولاد 4.6، فولاد 5.6، فولاد 8.8، استیل A2-70، استیل A4-70 | M66: انکر بولت دوشاخ، پیچ مهاری | N66: 80 | O66: دارد | P66: دارد | Q66: دارد
A67: 66 | B67: DIN | C67: DIN 529 D | D67: پیچ فونداسیون فرم D | E67: Foundation (anchor) bolts, Form D | F67: استاد بولت و میل‌رزوه | G67: 2 | H67: DIN 529 | I67: CSN 021391 | J67: M8 – M72X6 | K67: 13 | L67: فولاد 4.6، فولاد 5.6، فولاد 8.8، استیل A2-70، استیل A4-70 | M67: پیچ مهاری | N67: 80 | O67: دارد | P67: دارد | Q67: دارد
A68: 67 | B68: DIN | C68: DIN 529 E | D68: پیچ فونداسیون فرم E | E68: Foundation (anchor) bolts, Form E | F68: استاد بولت و میل‌رزوه | G68: 3 | H68: DIN 529 | I68: CSN 021391 | J68: M8 – M72X6 | K68: 13 | L68: فولاد 4.6، فولاد 5.6، فولاد 8.8، استیل A2-70، استیل A4-70 | M68: پیچ مهاری | N68: 80 | O68: دارد | P68: دارد | Q68: دارد
A69: 68 | B69: DIN | C69: DIN 529 F | D69: پیچ فونداسیون فرم F | E69: Foundation (anchor) bolts, Form F | F69: استاد بولت و میل‌رزوه | G69: 3 | H69: DIN 529 | I69: CSN 021391 | J69: M8 – M72X6 | K69: 13 | L69: فولاد 4.6، فولاد 5.6، فولاد 8.8، استیل A2-70، استیل A4-70 | M69: پیچ مهاری | N69: 80 | O69: دارد | P69: دارد | Q69: دارد
A70: 69 | B70: DIN | C70: DIN 529 G | D70: پیچ فونداسیون فرم G | E70: Foundation (anchor) bolts, Form G | F70: استاد بولت و میل‌رزوه | G70: 3 | H70: DIN 529 | I70: CSN 021391 | J70: M8 – M72X6 | K70: 13 | L70: فولاد 4.6، فولاد 5.6، فولاد 8.8، استیل A2-70، استیل A4-70 | M70: پیچ مهاری | N70: 80 | O70: دارد | P70: دارد | Q70: دارد
A71: 70 | B71: DIN | C71: DIN 546 | D71: مهره گرد شیاردار | E71: Slotted Round Nut | F71: مهره | G71: 3 | H71: DIN 546 | I71: CSN 021444، PN 82463 | J71: M1 – M20 | K71: 18 | L71: فولاد کربنی، استیل A2-70، استیل A4-70 | N71: 18 | O71: دارد | P71: دارد | Q71: دارد
A72: 71 | B72: DIN | C72: DIN 547 | D72: مهره گرد دوسوراخ | E72: Two-hole nuts | F72: مهره | G72: 3 | H72: DIN 547 | I72: PN 82464 | J72: M2 – M10 | K72: 9 | L72: فولاد کربنی، استیل A2-70، استیل A4-70 | N72: 9 | O72: دارد | P72: دارد | Q72: دارد
A73: 72 | B73: DIN | C73: DIN 548 | D73: مهره گرد با سوراخ جانبی | E73: Round nuts with set pin holes in side | F73: مهره | G73: 3 | H73: DIN 548 | I73: PN 82466 | J73: M2 – M10 | K73: 9 | L73: فولاد کربنی، استیل A2-70، استیل A4-70 | N73: 9 | O73: دارد | P73: دارد | Q73: دارد
A74: 73 | B74: DIN | C74: DIN 551 | D74: پیچ مغزی دوسو نوک تخت | E74: Slotted set screws | F74: پیچ مغزی | G74: 2 | H74: DIN EN 24766 | I74: ISO 4766، CSN 021181، PN 82272، UNI 4766، EU 24766 | J74: M1 – M12 | K74: 14 | L74: فولاد 4.8، فولاد 5.8، استیل A2-70، استیل A4-70 | N74: 124 | O74: دارد | P74: دارد | Q74: دارد
A75: 74 | B75: DIN | C75: DIN 553 | D75: پیچ مغزی دوسو نوک تیز | E75: Slotted set screws with cone point | F75: پیچ مغزی | G75: 2 | H75: DIN EN 27434 | I75: ISO 7434، CSN 021185، PN 82273، UNI 7434، EU 27434 | J75: M1 – M12 | K75: 14 | L75: فولاد 4.8، فولاد 5.8، استیل A2-70، استیل A4-70 | N75: 105 | O75: دارد | P75: دارد | Q75: دارد
A76: 75 | B76: DIN | C76: DIN 555 | D76: مهره شش‌گوش (کلاس C) | E76: Hexagon nuts, product grade C | F76: مهره | G76: 2 | H76: DIN EN 24034 | I76: ISO 4034، CSN 021601، PN 82144، EU 24034 | J76: M5 – M100X6 | K76: 25 | L76: کلاس 6، کلاس 8، استیل A2-70، استیل A4-70 | N76: 25 | O76: دارد | P76: دارد | Q76: دارد
A77: 76 | B77: DIN | C77: DIN 557 | D77: مهره چهارگوش | E77: Square Nuts | F77: مهره | G77: 2 | H77: DIN 557 | I77: CSN 021624، PN 82151، UNI 5597 | J77: M5 – M16 | K77: 6 | L77: کلاس 6، کلاس 8، استیل A2-70، استیل A4-70 | N77: 6 | O77: دارد | P77: دارد | Q77: دارد
A78: 77 | B78: DIN | C78: DIN 558 | D78: پیچ سر شش‌گوش تمام رزوه (کلاس C) | E78: Hexagon head screws, product grade C | F78: پیچ شش‌گوش | G78: 2 | H78: DIN EN 24018 | I78: ISO 4018، CSN 021303، PN 82105، EU 24018 | J78: M5 – M64 | K78: 18 | L78: فولاد 4.6، فولاد 4.8، فولاد 5.6، فولاد 8.8، استیل A2-70، استیل A4-70 | N78: 0 | O78: دارد | P78: دارد | Q78: دارد
A79: 78 | B79: DIN | C79: DIN 561 A | D79: پیچ سر شش‌گوش کوچک نوک پین فرم A | E79: Hexagon head set screws, small hexagon, dog point, Form A | F79: پیچ شش‌گوش | G79: 3 | H79: DIN 561A | I79: CSN 021115 | J79: M6 – M56X3 | K79: 19 | L79: فولاد 8.8، استیل A2-70، استیل A4-70 | M79: پیچ سر شش‌گوش نوک استوانه‌ای، نوک راهنمادار، نوک خلاصی | N79: 170 | O79: دارد | P79: دارد | Q79: دارد
A80: 79 | B80: DIN | C80: DIN 561 B | D80: پیچ سر شش‌گوش کوچک نوک پین فرم B | E80: Hexagon head set screws, small hexagon, dog point, Form B | F80: پیچ شش‌گوش | G80: 2 | H80: DIN 561 | I80: CSN 021115 | J80: M6 – M56 | K80: 12 | L80: فولاد 8.8، استیل A2-70، استیل A4-70 | M80: پیچ سر شش‌گوش نوک استوانه‌ای، نوک راهنمادار، نوک خلاصی | N80: 0 | O80: دارد | P80: دارد | Q80: دارد
A81: 80 | B81: DIN | C81: DIN 562 | D81: مهره چهارگوش نازک | E81: Square thin nuts | F81: مهره | G81: 2 | H81: DIN 562 | I81: PN 82151، UNI 5596 | J81: M2 – M10 | K81: 8 | L81: کلاس 6، کلاس 8، استیل A2-70، استیل A4-70 | N81: 8 | O81: دارد | P81: دارد | Q81: دارد
A82: 81 | B82: DIN | C82: DIN 564 A | D82: پیچ شش‌گوش نوک تیز | E82: Hexagon head set screws, cone point | F82: پیچ مغزی | G82: 2 | H82: DIN 564 | J82: M6 – M36 | K82: 9 | L82: فولاد 5.8، فولاد 8.8، استیل A2-70، استیل A4-70 | M82: پیچ تنظیم سر شش‌گوش نوک تیز | N82: 0 | O82: دارد | P82: دارد | Q82: دارد
A83: 82 | B83: DIN | C83: DIN 564 B | D83: پیچ پران شش‌گوش نوک مخروطی | E83: Hexagon head ejector screws, taper point | F83: پیچ مغزی | G83: 2 | H83: DIN 564 | J83: M6 – M36 | K83: 9 | L83: فولاد 5.8، فولاد 8.8، استیل A2-70، استیل A4-70 | M83: پیچ تنظیم سر شش‌گوش نوک پین‌دار، نوک خلاصی | N83: 0 | O83: دارد | P83: دارد | Q83: دارد
A84: 83 | B84: DIN | C84: DIN 571 | D84: پیچ چوب سر شش‌گوش (پیچ کج) | E84: Hexagon head wood screws (coach screws) | F84: پیچ خودکار، سرمته و چوب | G84: 2 | H84: DIN 571 | I84: CSN 021810، PN 82501، UNI 704 | J84: 4 – 20 | K84: 9 | L84: فولاد، استیل A2، استیل A4 | N84: 94 | O84: دارد | P84: دارد | Q84: دارد
A85: 84 | B85: DIN | C85: DIN 580 | D85: پیچ قلاب (پیچ چشمی بالابر) | E85: Lifting eye bolts | F85: اتصالات بالابری و مهارکش | G85: 1 | H85: DIN 580 | I85: CSN 021369، PN 82472، UNI 2947 | J85: M8 – M100X6 | K85: 15 | L85: C-15E، استیل A2-70، استیل A4-70 | M85: قلاب دینام نری | N85: 15 | O85: دارد | P85: دارد | Q85: دارد
A86: 85 | B86: DIN | C86: DIN 582 | D86: مهره قلاب (مهره چشمی بالابر) | E86: Lifting eye nuts | F86: اتصالات بالابری و مهارکش | G86: 1 | H86: DIN 582 | I86: CSN 021669، UNI 2948 | J86: M8 – M100X6 | K86: 15 | L86: C-15E، استیل A2-70، استیل A4-70 | M86: قلاب دینام مادگی | N86: 15 | O86: دارد | P86: دارد | Q86: دارد
A87: 86 | B87: DIN | C87: DIN 601 | D87: پیچ سر شش‌گوش و مهره شش‌گوش (کلاس C) | E87: Hexagon head bolts with nut, product grade C | F87: پیچ شش‌گوش | G87: 2 | H87: DIN EN 24016 | I87: ISO 4016، CSN 021301، EU 24016 | J87: M5 – M64 | K87: 23 | L87: فولاد 4.6، فولاد 4.8، فولاد 5.6، فولاد 8.8، استیل A2-70، استیل A4-70 | N87: 264 | O87: دارد | P87: دارد | Q87: دارد
A88: 87 | B88: DIN | C88: DIN 603 | D88: پیچ کالسکه (سرگرد گردن چهارگوش) | E88: Mushroom head square neck bolts | F88: پیچ سرخاص و کالسکه | G88: 1 | H88: DIN 603 | I88: ISO 8677، CSN 021319، PN 82406، UNI 5731 | J88: M5 – M20 | K88: 7 | L88: فولاد 4.6، فولاد 4.8، فولاد 8.8، استیل A2-70، استیل A4-70 | M88: پیچ اتاقی | N88: 121 | O88: دارد | P88: دارد | Q88: دارد
A89: 88 | B89: DIN | C89: DIN 604 | D89: پیچ سرخزینه زائده‌دار با مهره | E89: Flat countersunk nib bolts with hexagon nut | F89: پیچ سرخاص و کالسکه | G89: 2 | H89: DIN 604 | I89: CSN 021324، PN 82408، UNI 6105 | J89: M6 – M24 | K89: 7 | L89: فولاد 4.6، فولاد 4.8، فولاد 8.8، استیل A2-70، استیل A4-70 | M89: پیچ خزینه سرتخت تکخار | N89: 116 | O89: دارد | P89: دارد | Q89: دارد
A90: 89 | B90: DIN | C90: DIN 605 | D90: پیچ سرخزینه گردن چهارگوش با مهره | E90: Flat countersunk square neck bolts with hexagon nut | F90: پیچ سرخاص و کالسکه | G90: 2 | H90: DIN 605 | I90: CSN 021327، PN 82402، UNI 6104 | J90: M6 – M10 | K90: 3 | L90: فولاد 4.6، فولاد 4.8، فولاد 8.8، استیل A2-70، استیل A4-70 | M90: پیچ خزینه سرتخت چهارخار | N90: 27 | O90: دارد | P90: دارد | Q90: دارد
A91: 90 | B91: DIN | C91: DIN 607 | D91: پیچ نیم کالسکه | E91: Half coach bolt | F91: پیچ سرخاص و کالسکه | G91: 2 | H91: DIN 607 | I91: PN 82410، UNI 5730 | J91: M8 – M16 | K91: 4 | L91: فولاد 4.6، فولاد 4.8، فولاد 8.8، استیل A2-70، استیل A4-70 | M91: پیچ سرگرد تکخار | N91: 48 | O91: دارد | P91: دارد | Q91: دارد
A92: 91 | B92: DIN | C92: DIN 608 | D92: پیچ سرخزینه گردن چهارگوش کوتاه | E92: Flat countersunk bolts, short square neck | F92: پیچ سرخاص و کالسکه | G92: 2 | H92: DIN 608 | I92: CSN 021326، PN 82402، UNI 5735 | J92: M10 – M12 | K92: 2 | L92: فولاد 4.6، فولاد 4.8، فولاد 8.8، استیل A2-70، استیل A4-70 | M92: پیچ اتاقی سرخزینه | N92: 11 | O92: دارد | P92: دارد | Q92: دارد
A93: 92 | B93: DIN | C93: DIN 609 | D93: پیچ جازن سر شش‌گوش رزوه بلند | E93: Hexagon fit bolts, long thread | F93: پیچ شش‌گوش | G93: 2 | H93: DIN 609 | I93: CSN 021111، PN 82342 | J93: M8 – M52X3 | K93: 42 | L93: فولاد 8.8، فولاد 10.9، فولاد 12.9، استیل A2-70، استیل A4-70 | M93: پیچ انطباقی، فیت بولت رزوه بلند | N93: 873 | O93: دارد | P93: دارد | Q93: دارد
A94: 93 | B94: DIN | C94: DIN 610 | D94: پیچ جازن سر شش‌گوش رزوه کوتاه | E94: Hexagon fit bolts, short thread | F94: پیچ شش‌گوش | G94: 2 | H94: DIN 610 | I94: CSN 021112، PN 82341 | J94: M8 – M39X3 | K94: 27 | L94: فولاد 8.8، فولاد 10.9، فولاد 12.9، استیل A2-70، استیل A4-70 | M94: پیچ انطباقی، فیت بولت رزوه کوتاه | N94: 327 | O94: دارد | P94: دارد | Q94: دارد
A95: 94 | B95: DIN | C95: DIN 653 | D95: پیچ سرآج‌دار تخت | E95: Flat Knurled Thumb Screws | F95: پیچ سرخاص و کالسکه | G95: 3 | H95: DIN 653 | I95: CSN 021162، PN 82457 | J95: M1 – M10 | K95: 13 | L95: فولاد، استیل A2، استیل A4 | M95: پیچ ریگلاژی، پیچ دستی اج‌دار | N95: 103 | O95: دارد | P95: دارد | Q95: دارد
A96: 95 | B96: DIN | C96: DIN 660 | D96: پرچ سرگرد | E96: Round Head Rivets | F96: پرچ | G96: 2 | H96: DIN 660 | I96: ISO 1051 B، CSN 022301، PN 82952، UNI 1051 | J96: 1 – 8 | K96: 13 | L96: فولاد، استیل (فولاد ضدزنگ)، مس، آلومینیوم | N96: 165 | O96: دارد | P96: دارد | Q96: دارد
A97: 96 | B97: DIN | C97: DIN 661 | D97: پرچ سرخزینه | E97: Countersunk Head Rivets | F97: پرچ | G97: 2 | H97: DIN 661 | I97: ISO 1051 C، CSN 022311، PN 82954، UNI 1051 | J97: 1 – 8 | K97: 13 | L97: فولاد، استیل (فولاد ضدزنگ)، مس، آلومینیوم | N97: 100 | O97: دارد | P97: دارد | Q97: دارد
A98: 97 | B98: DIN | C98: DIN 662 | D98: پرچ سر عدسی | E98: Oval (lens) head rivets | F98: پرچ | G98: 2 | H98: DIN 662 | I98: PN 82956 | J98: 2.5 – 6 | K98: 5 | L98: فولاد، استیل (فولاد ضدزنگ)، مس، آلومینیوم | N98: 0 | O98: دارد | P98: دارد | Q98: دارد
A99: 98 | B99: DIN | C99: DIN 674 | D99: پرچ سرگرد تخت | E99: Flat round head rivets | F99: پرچ | G99: 2 | H99: DIN 674 | I99: ISO 1051 A، PN 82958 | J99: 1.4 – 6 | K99: 9 | L99: فولاد، استیل (فولاد ضدزنگ)، مس، آلومینیوم | N99: 0 | O99: دارد | P99: دارد | Q99: دارد
A100: 99 | B100: DIN | C100: DIN 703 | D100: طوقه (رینگ تنظیم سنگین) | E100: Collars heavy series | F100: سایر اتصالات و یراق | G100: 3 | I100: PN 85102 | J100: 24 – 120 | K100: 33 | N100: 33 | O100: دارد | P100: دارد | Q100: دارد
...

Sheet خلاصه
A1: خلاصهٔ استانداردهای مخزن
A3: کل استانداردها | B3: =COUNTA('فهرست استانداردها'!C2:C351)
A4: DIN | B4: =COUNTIF('فهرست استانداردها'!B2:B351,"DIN")
A5: ASTM | B5: =COUNTIF('فهرست استانداردها'!B2:B351,"ASTM")
A6: اولویت ۱ (DIN) | B6: =COUNTIF('فهرست استانداردها'!G2:G351,1)
A7: اولویت ۲ (DIN) | B7: =COUNTIF('فهرست استانداردها'!G2:G351,2)
A8: اولویت ۳ (DIN) | B8: =COUNTIF('فهرست استانداردها'!G2:G351,3)
A9: بدون عکس محصول | B9: =COUNTIF('فهرست استانداردها'!O2:O351,"—")
A10: جمع کالاهای کددار | B10: =SUM('فهرست استانداردها'!N2:N351)
A12: تعداد به تفکیک دسته
A13: پین | B13: =COUNTIF('فهرست استانداردها'!F2:F351,A13)
A14: سایر اتصالات و یراق | B14: =COUNTIF('فهرست استانداردها'!F2:F351,A14)
A15: پیچ دوسو و چهارسو | B15: =COUNTIF('فهرست استانداردها'!F2:F351,A15)
A16: واشر | B16: =COUNTIF('فهرست استانداردها'!F2:F351,A16)
A17: پیچ خودکار، سرمته و چوب | B17: =COUNTIF('فهرست استانداردها'!F2:F351,A17)
A18: پیچ سرخاص و کالسکه | B18: =COUNTIF('فهرست استانداردها'!F2:F351,A18)
A19: مهره | B19: =COUNTIF('فهرست استانداردها'!F2:F351,A19)
A20: پیچ مغزی | B20: =COUNTIF('فهرست استانداردها'!F2:F351,A20)
A21: اتصالات بالابری و مهارکش | B21: =COUNTIF('فهرست استانداردها'!F2:F351,A21)
A22: خار | B22: =COUNTIF('فهرست استانداردها'!F2:F351,A22)
A23: استاد بولت و میل‌رزوه | B23: =COUNTIF('فهرست استانداردها'!F2:F351,A23)
A24: پیچ شش‌گوش | B24: =COUNTIF('فهرست استانداردها'!F2:F351,A24)
A25: پرچ | B25: =COUNTIF('فهرست استانداردها'!F2:F351,A25)
A26: پیچ آلن و تورکس | B26: =COUNTIF('فهرست استانداردها'!F2:F351,A26)
A27: مهره قفلی | B27: =COUNTIF('فهرست استانداردها'!F2:F351,A27)
A28: استاد بولت فلنج ASTM | B28: =COUNTIF('فهرست استانداردها'!F2:F351,A28)
A29: مهره ASTM | B29: =COUNTIF('فهرست استانداردها'!F2:F351,A29)
A30: پیچ شش‌گوش و آلن ASTM | B30: =COUNTIF('فهرست استانداردها'!F2:F351,A30)
A31: انکر بولت ASTM | B31: =COUNTIF('فهرست استانداردها'!F2:F351,A31)
A32: پیچ و مهرهٔ سازه‌ای ASTM | B32: =COUNTIF('فهرست استانداردها'!F2:F351,A32)
A33: واشر سازه‌ای ASTM | B33: =COUNTIF('فهرست استانداردها'!F2:F351,A33)
A35: منبع: دادهٔ نسخهٔ آخر پروتوتایپ کارما (پس از اعمال فایل اصلاحات). اولویت‌ها از فهرست DIN_P و فقط برای استفادهٔ داخلی است.
